<?xml version="1.0" encoding="UTF-8"?>
    <addon id="repository.nitrotv" name="Nitro TV Repo" version="1.8" provider-name="Nitro TV">
        <requires>
            <import addon="xbmc.addon" version="12.0.0"/>
        </requires>
        <extension point="xbmc.addon.repository" name="NITRO TV Repo">
            <info compressed="false">http://touchtonebuilds.com/repo/_repo/addons.xml</info>
            <checksum>http://touchtonebuilds.com/repo/_repo/addons.xml.md5</checksum>
            <datadir zip="true">http://touchtonebuilds.com/repo/_repo/</datadir>
            <hashes>false</hashes>
        </extension>
        <extension point="xbmc.addon.metadata">
            <summary>NITRO TV Addons</summary>
            <description>NITRO TV Addons</description>
            <platform>all</platform>
    </extension>
</addon>