<?xml version="1.0" encoding="UTF-8" standalone="yes"?>
    <addon id="repository.firefly" name="Firefly Repo" version="0.0.2" provider-name="FinnDiesel">
        <requires>
            <import addon="xbmc.addon" version="12.0.0"/>
        </requires>
        <extension point="xbmc.addon.repository" name="Firefly Repo">
            <info compressed="false">https://raw.githubusercontent.com/HuckFinnDiesel/repository.firefly/master/_zips/addons.xml</info>
            <checksum>https://raw.githubusercontent.com/HuckFinnDiesel/repository.firefly/master/_zips/addons.xml.md5</checksum>
            <datadir zip="true">https://raw.githubusercontent.com/HuckFinnDiesel/repository.firefly/master/_zips/</datadir>
            <hashes>false</hashes>
        </extension>
		<dir>
            <info compressed="false">https://raw.githubusercontent.com/jsergio123/zips/master/addons.xml</info>
			<checksum>https://raw.githubusercontent.com/jsergio123/zips/master/addons.xml.md5</checksum>
			<datadir zip="true">https://raw.githubusercontent.com/jsergio123/zips/master/</datadir>
        </dir>
		<dir>
			<info compressed="false">https://raw.githubusercontent.com/civitasadmin/_scrapers/master/addons.xml</info>
			<checksum>https://raw.githubusercontent.com/civitasadmin/_scrapers/master/addons.xml.md5</checksum>
			<datadir zip="true">https://raw.githubusercontent.com/civitasadmin/_scrapers/master/</datadir>
		</dir>
        <extension point="xbmc.addon.metadata">
            <summary>Firefly</summary>
            <description>Firefly - Bringing it back!</description>
            <platform>all</platform>
            <genre>movies,usa</genre>
        </extension>
    </addon>