<?xml version="1.0" encoding="UTF-8" standalone="yes"?>
<addon 	id="repository.Atomic" 
		name="[COLOR orange][B]Atomic[/B][/COLOR] [COLOR red][B]Repo[/B][/COLOR]" 
		version="1.1" 
		provider-name="AR">
	<extension point="xbmc.addon.repository" name="AtomicRepo: Repository">
		<info compressed="false">http://myatom.one/atomic/addons.xml</info>
		<checksum>http://myatom.one/atomic/addons.xml.md5</checksum>
		<datadir zip="true">http://myatom.one/atomic/</datadir>
	</extension>
	<extension point="xbmc.addon.metadata">
		<summary>Atomic repo</summary>
		<description>Free Forever</description>
		<platform>all</platform>
	</extension>
</addon>