<?xml version="1.0" encoding="UTF-8"?>
<addon id="repository.thehell" name="THEHELL Addon Repo" version="0.0.1" provider-name="thehell">
	<requires>
		<import addon="xbmc.addon" version="12.0.0"/>
	</requires>
	<extension point="xbmc.addon.repository" name="THEHELL Addon Repo">
		<dir>
				<info compressed="false">https://raw.githubusercontent.com/rvermaat/repository.thehell/master/addons.xml</info>
				<checksum>https://raw.githubusercontent.com/rvermaat/repository.thehell/master/addons.md5</checksum>
				<datadir zip="true">https://raw.githubusercontent.com/rvermaat/repository.thehell/master/zips/</datadir>
				<hashes>false</hashes>
		</dir>
	</extension>
	<extension point="xbmc.addon.metadata">
		<summary>THEHELL Addon Repo</summary>
		<description>THEHELL Addon Repo</description>
		<platform>all</platform>
	</extension>
</addon>
