<?xml version="1.0" encoding="UTF-8" standalone="yes"?>
<addon id="teamtuga4ever.repository" name="Teamtuga4ever Repository" version="2.1" provider-name="Teamtuga4ever">
	<extension point="xbmc.addon.repository" name="Teamtuga4ever Repository">
	
	<info compressed="false">https://github.com/loganaddon2018/repo/raw/master/addons.xml</info>
		<checksum>https://raw.githubusercontent.com/loganaddon2018/repo/master/addons.xml.md5</checksum>
		<datadir zip="true">https://github.com/loganaddon2018/repo/raw/master/zip/</datadir>
	</extension>
	<extension point="xbmc.addon.metadata">
		<summary>Teamtuga4ever</summary>
		<description>
Teamtuga4ever Repository
		 </description> 
		
		<platform>all</platform>
	</extension>
</addon>