<?xml version="1.0" encoding="UTF-8" standalone="yes"?>
<addon id="repository.kodianer" name="[COLOR gold]Kodianer[/COLOR] [COLOR red]Repository[/COLOR]" version="1.0.3" provider-name="[COLOR lime]Scarfaze[/COLOR]">
	<extension point="xbmc.addon.repository" name="Kodiander Repository">
	<dir>
            <info compressed="false">http://repo.kodianer.de/xml/addons.xml</info>
            <checksum>http://repo.kodianer.de/xml/addons.xml.md5</checksum>
            <datadir zip="true">http://repo.kodianer.de/kodianer</datadir>
	</dir>
	<dir>
			<info compressed="false">http://repo.kodianer.de/skinbase/addons.xml</info>
            <checksum>http://repo.kodianer.de/skinbase/addons.xml.md5</checksum>
            <datadir zip="true">http://repo.kodianer.de/skinbase</datadir>
	</dir>
	<dir>
	<info compressed="false">http://repo.kodianer.de/repos/games/addons.xml</info>
		<checksum>http://repo.kodianer.de/repos/games/addons.xml.md5</checksum>
		<datadir zip="true">http://repo.kodianer.de/repos/games</datadir>
	</dir>
	<dir>
	<info compressed="false">http://repo.kodianer.de/repos/kids/addons.xml</info>
		<checksum>http://repo.kodianer.de/repos/games/addons.xml.md5</checksum>
		<datadir zip="true">http://repo.kodianer.de/repos/kids</datadir>
	</dir>
	<dir>
	<info compressed="false">http://repo.kodianer.de/repos/musik/addons.xml</info>
		<checksum>http://repo.kodianer.de/repos/games/addons.xml.md5</checksum>
		<datadir zip="true">http://repo.kodianer.de/repos/musik</datadir>
	</dir>
	<dir>
	<info compressed="false">http://repo.kodianer.de/repos/theke/addons.xml</info>
		<checksum>http://repo.kodianer.de/repos/games/addons.xml.md5</checksum>
		<datadir zip="true">http://repo.kodianer.de/repos/theke</datadir>
	</dir>
		<dir>
	<info compressed="false">http://repo.kodianer.de/repos/turk/addons.xml</info>
		<checksum>http://repo.kodianer.de/repos/games/addons.xml.md5</checksum>
		<datadir zip="true">http://repo.kodianer.de/repos/turk</datadir>
	</dir>
		<dir>
	<info compressed="false">http://repo.kodianer.de/repos/xxx/addons.xml</info>
		<checksum>http://repo.kodianer.de/repos/games/addons.xml.md5</checksum>
		<datadir zip="true">http://repo.kodianer.de/repos/xxx</datadir>
	</dir>
	</extension>
	<extension point="xbmc.addon.metadata">
		<summary>Kodianer Repo</summary>
		<description>[COLOR gold]Kodiander[/COLOR] [COLOR red]Repository[/COLOR]
[COLOR blue]Facebook Gruppe:[/COLOR] [COLOR gold]Kodianer[/COLOR][COLOR lime] Created by Scarfaze [/COLOR] </description>
		<platform>all</platform>
        <forum></forum>
        <website></website>
	</extension>
</addon>

