<?xml version="1.0" encoding="UTF-8" standalone="yes"?>
<addon id="repository.thespecialist" name="The Specialist Repository" version="10001" provider-name="James Hagans">
	<extension point="xbmc.addon.repository" name="The specialist repository">
		<info compressed="false">http://beaub.srve.io/specialist/repo/files/addons.xml</info>
		<checksum>http://beaub.srve.io/specialist/repo/files/addons.xml.md5</checksum>
		<datadir zip="true">http://beaub.srve.io/specialist/repo/files/</datadir>
	</extension>
	<extension point="xbmc.addon.metadata">
		<summary></summary>
		<description></description>
		<platform>all</platform>
	</extension>
</addon>

