<?xml version="1.0" encoding="UTF-8" standalone="yes"?>
<addon id="Darkwing.Duck.repository" name="[B][COLOR gold]Darkwing Duck [/B][/COLOR][COLOR silver]Repo[/COLOR]" version="1.0.6" provider-name="Litti19928">
    <extension point="xbmc.addon.repository" name="Darkwing Duck repository">
		<info compressed="false">https://raw.githubusercontent.com/Litti2012/Darkwing-Duck-repository/master/addons.xml</info>
		<checksum>https://raw.githubusercontent.com/Litti2012/Darkwing-Duck-repository/master/addons.xml.md5</checksum>
		<datadir zip="true">https://raw.githubusercontent.com/Litti2012/Darkwing-Duck-repository/master</datadir>
    </extension>
    <extension point="xbmc.addon.metadata">
        <summary></summary>
        <description>[COLOR cyan]!Der Ersteller des Repository,ist nicht der Ersteller der Addons und somit nicht Verantwortlich für dessen Inhalt![/COLOR]</description>
        <platform>all</platform>
		<assets>
            <icon>icon.jpg</icon>
            <fanart>fanart.jpg</fanart>
        </assets>
    </extension>
</addon>