<?xml version="1.0" encoding="UTF-8" standalone="yes"?>
<addon id="repository.vectordroidrepo" name="VECTORDROID REPO" version="1.0.3" provider-name="VECTORDROID REPO">
	<extension point="xbmc.addon.repository" name="VECTORDROID REPO">
		<info compressed="false">http://vectordroid.com/vectordroidrepo/Plugins/addons.xml</info>
		<checksum>http://vectordroid.com/vectordroidrepo/Plugins/addons.xml.md5</checksum>
		<datadir zip="true">http://vectordroid.com/vectordroidrepo/Plugins</datadir>
	</extension>
	<extension point="xbmc.addon.metadata">
		<summary>. : The Official Vectordroid Repo : .</summary>
		<description>. : The Ultimate Plugin Portal : .</description>
		<platform>all</platform>
	</extension>
</addon>

